{
  "name": "events",
  "base": "PersistedModel",
  "idInjection": true,
  "options": {
    "validateUpsert": true
  },
  "properties": {
    "eventId": {
      "type": "number",
      "required": true
    },
    "eventName": {
      "type": "string",
      "required": true
    },
    "regStart": {
      "type": "date",
      "required": true
    },
    "regEnd": {
      "type": "date",
      "required": true
    },
    "eventStart": {
      "type": "date",
      "required": true
    },
    "eventEnd": {
      "type": "date",
      "required": true
    },
    "bannerImage": {
      "type": "string"
    },
    "participantsLimit": {
      "type": "number",
      "required": true
    },
    "eventDescription": {
      "type": "string",
      "required": true
    },
    "eventRules": {
      "type": [
        "any"
      ]
    },
    "eventStatus": {
      "type": "string",
      "required": true
    },
    "teamList": {
      "type": [
        "teams"
      ]
    }
  },
  "validations": [],
  "relations": {
    "teamList": {
      "type": "hasMany",
      "model": "teams",
      "foreignKey": "",
      "options": {
        "nestRemoting": true
      }
    }
  },
  "acls": [],
  "methods": {}
}
